outcome,official_coef,official_p_value,fresh_baseline_coef,fresh_baseline_se,fresh_baseline_p_value,fresh_baseline_nobs,trend_adjusted_coef,trend_adjusted_p_value,placebo_2015_coef,placebo_2015_p_value,role
exec_share,0.3556277047526408,0.0003845468522075,0.35999030947341154,0.10084445224090223,0.0012264502397166144,262,0.2262861101932206,0.20436783177153994,0.1723546595662921,0.355817079403389,official_anchor_plus_fresh_audit
proc_share,-0.4022774860927093,7.899841080299854e-05,-0.4065371976359414,0.10229657226325858,0.00040999230086671276,262,-0.3521067596697944,0.05773894957513728,-0.1620433919737923,0.3970423720987294,official_anchor_plus_fresh_audit
ppp_quality_zindex,0.5252969355953995,0.2125593654167483,0.5226386601375361,0.45150381747074,0.25618070615712857,262,-0.1699354582538487,0.6809535884781437,0.2628983426200709,0.21711856027000814,official_anchor_plus_fresh_audit
log_ratio_exec_proc,,,3.2103001085790983,1.4609402215998426,0.03584986273618473,262,,,,,log_ratio_diagnostic_c=0.0033557047
