depvar,continuity_rule,c_value,n,coef,se,z,p_norm,r2
log_ratio_exec_proc,half_min_positive,0.00335570469798655,262,3.191616610013625,1.449999183787818,2.2011161424768515,0.027727802789347278,0.7974363081410442
log_ratio_exec_proc,min_positive,0.0067114093959731,262,2.7862382265520864,1.1861424789036528,2.348991184539143,0.01882435248129255,0.8084971143251607
log_ratio_exec_proc,fixed_0.01,0.01,262,2.5823421407444584,1.0359422373401332,2.492747228238163,0.012675905002680121,0.8147776927426452
log_ratio_exec_proc,fixed_0.001,0.001,262,4.012396653824453,1.9115611916885535,2.099015543562146,0.035815530558276354,0.7792259373774285
