outcome,baseline_low_group_coef,baseline_low_group_p,interaction_coef,interaction_p,implied_high_group_coef,implied_high_group_p,N,interpretation
exec_share,0.40787646191071253,0.0002249480634386457,-0.24396271069540867,0.36764247889584356,0.16391375121530385,0.444159280052976,262,交互项不显著，未观察到稳定的风险暴露异质性
proc_share,-0.4506666074094475,8.81229622772599e-06,0.2259410911705363,0.3368520993830406,-0.22472551623891118,0.24657709120453425,262,交互项不显著，未观察到稳定的风险暴露异质性
ppp_quality_zindex,0.5441121925831142,0.29320011354084985,-0.08785321119290351,0.9159937649772004,0.45625898139021065,0.4767041736964792,262,交互项不显著，未观察到稳定的风险暴露异质性
