outcome,N,dml_coef,dml_se_cluster_province,dml_pvalue,ci95_low,ci95_high,mean_abs_y_resid,mean_abs_d_resid,folds,x_num_features,x_topic_features,x_text_idx_features,baseline_twfe_coef,baseline_twfe_p,baseline_twfe_N,direction_consistent,panel_version,dml_note
exec_share,266,0.17298905238970963,0.13503885745353242,0.20018254419002068,-0.09168710821921389,0.43766521299863315,0.1629955381061577,0.11227674347445049,5,56,24,20,0.3556277047526408,0.00038454685220753776,262,True,V3 re-estimated,Cross-fit LassoCV residualization on current V3 panel; treatment=treat_share
proc_share,266,-0.16557699739417558,0.13278478253631248,0.21241303467663653,-0.425835171165348,0.09468117637699686,0.16450153124953046,0.11227674347445049,5,56,24,20,-0.4022774860927093,7.899841080299854e-05,262,True,V3 re-estimated,Cross-fit LassoCV residualization on current V3 panel; treatment=treat_share
ppp_quality_zindex,266,0.31288605245856843,0.19264383935425022,0.10433985517826556,-0.06469587267576199,0.6904679775928988,0.26147962736224534,0.11227674347445049,5,56,24,20,0.5252969355953995,0.21255936541674836,262,True,V3 re-estimated,Cross-fit LassoCV residualization on current V3 panel; treatment=treat_share
